,Produção,Exportação,Saldo Interno,Consumo Interno,Estoque Final
Milho,25000,15000,10000,7000.0,3000.0
Soja,35000,25000,10000,7000.0,3000.0
Açucar,55000,10000,45000,31499.999999999996,13500.000000000004
Minerio de Ferro,75000,5000,70000,49000.0,21000.0
Café,0,0,0,0.0,0.0
